sample_index,y_true,y_pred,correct,confidence,prob_class_0,prob_class_1
0,0,0,True,0.999995231628418,0.999995231628418,4.767834980157204e-06
1,0,0,True,0.9999870657920837,0.9999870657920837,1.2963577319169417e-05
2,0,0,True,0.9999986886978149,0.9999986886978149,1.3460685295285657e-06
3,0,0,True,0.9999632835388184,0.9999632835388184,3.671627564472146e-05
4,0,0,True,0.9999943375587463,0.9999943375587463,5.665779553964967e-06
5,1,1,True,0.9997034668922424,0.0002965536550618708,0.9997034668922424
6,0,0,True,0.9999934434890747,0.9999934434890747,6.542807568621356e-06
7,0,0,True,0.9998701214790344,0.9998701214790344,0.0001299056748393923
8,0,0,True,0.9978286623954773,0.9978286623954773,0.00217137741856277
9,1,1,True,0.9998929500579834,0.00010703586303861812,0.9998929500579834
10,0,0,True,0.9999675154685974,0.9999675154685974,3.250905137974769e-05
11,0,0,True,0.999851644039154,0.999851644039154,0.0001483612577430904
12,1,0,False,0.8371091485023499,0.8371091485023499,0.16289083659648895
13,1,1,True,0.9999402761459351,5.972743747406639e-05,0.9999402761459351
14,1,1,True,0.9849125742912292,0.015087444335222244,0.9849125742912292
15,1,1,True,0.999556303024292,0.0004437043971847743,0.999556303024292
16,1,1,True,0.988526463508606,0.011473549529910088,0.988526463508606
17,1,1,True,0.9999616146087646,3.839245982817374e-05,0.9999616146087646
18,0,0,True,0.9787300229072571,0.9787300229072571,0.021270014345645905
19,0,0,True,0.9999904632568359,0.9999904632568359,9.53826656768797e-06
20,1,1,True,0.9999556541442871,4.4343691115500405e-05,0.9999556541442871
21,1,1,True,0.9992075562477112,0.0007925028912723064,0.9992075562477112
22,1,1,True,0.9963281750679016,0.0036718742921948433,0.9963281750679016
23,0,0,True,0.9999091625213623,0.9999091625213623,9.08296715351753e-05
24,0,0,True,0.9905585050582886,0.9905585050582886,0.009441533125936985
25,0,0,True,0.9999619722366333,0.9999619722366333,3.806054519372992e-05
26,1,1,True,0.9996645450592041,0.000335460266796872,0.9996645450592041
27,1,1,True,0.9588945508003235,0.04110542684793472,0.9588945508003235
28,1,1,True,0.9989680051803589,0.001032054191455245,0.9989680051803589
29,1,1,True,0.9177631139755249,0.0822368785738945,0.9177631139755249
30,0,0,True,0.9999940395355225,0.9999940395355225,5.937899004493374e-06
31,0,0,True,0.9999891519546509,0.9999891519546509,1.0884180483117234e-05
32,1,1,True,0.9999082088470459,9.176871390081942e-05,0.9999082088470459
33,1,1,True,0.9939614534378052,0.006038548890501261,0.9939614534378052
34,0,0,True,0.9999876022338867,0.9999876022338867,1.2402528227539733e-05
35,1,1,True,0.9769003391265869,0.023099679499864578,0.9769003391265869
36,1,1,True,0.9999182224273682,8.174889080692083e-05,0.9999182224273682
37,1,1,True,0.9999184608459473,8.155828254530206e-05,0.9999184608459473
38,1,1,True,0.9965560436248779,0.003443941008299589,0.9965560436248779
39,0,0,True,0.9999972581863403,0.9999972581863403,2.733856717895833e-06
40,1,1,True,0.9999164342880249,8.354867895832285e-05,0.9999164342880249
41,1,1,True,0.9999284148216248,7.160764653235674e-05,0.9999284148216248
42,1,1,True,0.9992944002151489,0.0007056271424517035,0.9992944002151489
43,1,1,True,0.9978294968605042,0.002170484745875001,0.9978294968605042
44,0,0,True,0.9999421834945679,0.9999421834945679,5.783937740488909e-05
45,0,0,True,0.9999725818634033,0.9999725818634033,2.7431848138803616e-05
46,0,0,True,0.9999915361404419,0.9999915361404419,8.502521268383134e-06
47,0,0,True,0.9994322061538696,0.9994322061538696,0.000567809387575835
48,1,1,True,0.9998894929885864,0.00011049626482417807,0.9998894929885864
49,1,1,True,0.9800203442573547,0.019979681819677353,0.9800203442573547
50,0,0,True,0.9999964237213135,0.9999964237213135,3.5563778055802686e-06
51,0,0,True,0.9999966621398926,0.9999966621398926,3.3731444091245066e-06
52,1,1,True,0.9998964667320251,0.00010355794802308083,0.9998964667320251
53,1,0,False,0.5663152933120728,0.5663152933120728,0.43368467688560486
54,1,1,True,0.9999642372131348,3.5774370189756155e-05,0.9999642372131348
55,1,1,True,0.9997650980949402,0.00023484296980313957,0.9997650980949402
56,1,1,True,0.9995313882827759,0.00046864376054145396,0.9995313882827759
57,0,0,True,0.999960720539093,0.999960720539093,3.928185105905868e-05
58,0,0,True,0.9999885559082031,0.9999885559082031,1.1443026778579224e-05
59,0,0,True,0.9999983310699463,0.9999983310699463,1.6553574369027046e-06
60,0,0,True,0.9404427409172058,0.9404427409172058,0.05955725163221359
61,0,0,True,0.9646957516670227,0.9646957516670227,0.035304270684719086
62,0,0,True,0.9999674558639526,0.9999674558639526,3.2560928957536817e-05
63,0,0,True,0.9999866485595703,0.9999866485595703,1.3353665963222738e-05
64,1,1,True,0.9998430609703064,0.00015693821478635073,0.9998430609703064
65,0,0,True,0.9999406337738037,0.9999406337738037,5.9382196923252195e-05
66,1,1,True,0.9998461008071899,0.00015393330249935389,0.9998461008071899
67,1,1,True,0.7573586106300354,0.2426414042711258,0.7573586106300354
68,0,0,True,0.9999377727508545,0.9999377727508545,6.220085197128356e-05
69,0,0,True,0.9999641180038452,0.9999641180038452,3.591112908907235e-05
70,0,0,True,0.9999920129776001,0.9999920129776001,7.984192052390426e-06
71,1,1,True,0.9964827299118042,0.003517299657687545,0.9964827299118042
72,1,1,True,0.9999545812606812,4.540670124697499e-05,0.9999545812606812
73,1,1,True,0.9976841807365417,0.0023158302064985037,0.9976841807365417
74,0,0,True,0.9999957084655762,0.9999957084655762,4.3036166061938275e-06
75,1,1,True,0.9978926777839661,0.0021073040552437305,0.9978926777839661
76,1,1,True,0.9851818084716797,0.014818171970546246,0.9851818084716797
77,0,0,True,0.9997287392616272,0.9997287392616272,0.0002712407149374485
78,0,0,True,0.9995260238647461,0.9995260238647461,0.00047391775297001004
79,0,0,True,0.9999439716339111,0.9999439716339111,5.600896474788897e-05
80,1,1,True,0.9995039701461792,0.000496066000778228,0.9995039701461792
81,1,1,True,0.9972729682922363,0.002727046376094222,0.9972729682922363
82,0,0,True,0.9999104142189026,0.9999104142189026,8.958522812463343e-05
83,0,0,True,0.9999906420707703,0.9999906420707703,9.372874046675861e-06
84,0,0,True,0.9999361038208008,0.9999361038208008,6.39299614704214e-05
85,1,1,True,0.998387336730957,0.001612713560461998,0.998387336730957
86,0,0,True,0.9999332427978516,0.9999332427978516,6.67670537950471e-05
87,1,1,True,0.9999375343322754,6.251972081372514e-05,0.9999375343322754
88,1,1,True,0.9225056767463684,0.07749433815479279,0.9225056767463684
89,0,0,True,0.9999597072601318,0.9999597072601318,4.029189585708082e-05
90,1,1,True,0.9997851252555847,0.00021490617655217648,0.9997851252555847
91,1,1,True,0.987446665763855,0.012553359381854534,0.987446665763855
92,0,0,True,0.9999982714653015,0.9999982714653015,1.7442040416426607e-06
93,0,0,True,0.9999979734420776,0.9999979734420776,2.0322070213296684e-06
94,0,0,True,0.9999972581863403,0.9999972581863403,2.783184299914865e-06
95,0,0,True,0.9999827742576599,0.9999827742576599,1.7233382095582783e-05
96,0,0,True,0.999997079372406,0.999997079372406,2.945138930954272e-06
97,1,1,True,0.9246752858161926,0.07532472908496857,0.9246752858161926
98,0,0,True,0.9999940991401672,0.9999940991401672,5.923126082052477e-06
99,1,1,True,0.9992805123329163,0.0007194455247372389,0.9992805123329163
100,0,0,True,0.9999962449073792,0.9999962449073792,3.7819697809027275e-06
101,1,1,True,0.9998270869255066,0.000172893371200189,0.9998270869255066
102,0,0,True,0.9907159805297852,0.9907159805297852,0.00928399059921503
103,1,0,False,0.5870558619499207,0.5870558619499207,0.41294416785240173
104,0,0,True,0.9721555709838867,0.9721555709838867,0.02784441038966179
105,1,1,True,0.999947726726532,5.227125438977964e-05,0.999947726726532
106,1,1,True,0.9985527396202087,0.0014473047340288758,0.9985527396202087
107,1,1,True,0.9979225993156433,0.0020773473661392927,0.9979225993156433
108,1,1,True,0.99985271692276,0.00014728607493452728,0.99985271692276
109,0,0,True,0.9999838471412659,0.9999838471412659,1.6157600839505903e-05
110,0,0,True,0.9999887943267822,0.9999887943267822,1.1203576832485851e-05
111,0,0,True,0.9999915361404419,0.9999915361404419,8.50607375468826e-06
112,0,0,True,0.9956175088882446,0.9956175088882446,0.004382515326142311
113,0,0,True,0.9997260570526123,0.9997260570526123,0.00027396687073633075
114,1,1,True,0.9586387276649475,0.04136126860976219,0.9586387276649475
115,0,0,True,0.999632716178894,0.999632716178894,0.0003672931925393641
116,1,1,True,0.9707944989204407,0.029205482453107834,0.9707944989204407
117,0,0,True,0.999332070350647,0.999332070350647,0.0006679463549517095
118,0,0,True,0.9999901652336121,0.9999901652336121,9.863111699814908e-06
119,1,1,True,0.9959661960601807,0.004033776465803385,0.9959661960601807
120,1,1,True,0.9984592199325562,0.0015407534083351493,0.9984592199325562
121,1,1,True,0.9484933614730835,0.051506586372852325,0.9484933614730835
122,1,1,True,0.9965834021568298,0.003416539868339896,0.9965834021568298
123,0,0,True,0.9999883770942688,0.9999883770942688,1.165103731182171e-05
124,1,1,True,0.9996544122695923,0.0003456322301644832,0.9996544122695923
125,0,0,True,0.9999606013298035,0.9999606013298035,3.941107934224419e-05
126,0,0,True,0.9998094439506531,0.9998094439506531,0.00019051245180889964
127,0,0,True,0.9999959468841553,0.9999959468841553,4.071026069141226e-06
128,1,1,True,0.9983137249946594,0.0016863044584169984,0.9983137249946594
129,1,1,True,0.99552983045578,0.0044701192528009415,0.99552983045578
130,1,1,True,0.9997348189353943,0.00026519160019233823,0.9997348189353943
131,1,1,True,0.9440974593162537,0.05590251088142395,0.9440974593162537
132,0,0,True,0.9999915361404419,0.9999915361404419,8.435766176262405e-06
133,1,1,True,0.9997227191925049,0.0002773104060906917,0.9997227191925049
134,1,1,True,0.9993706345558167,0.0006293586920946836,0.9993706345558167
135,0,0,True,0.9999605417251587,0.9999605417251587,3.943965202779509e-05
136,1,1,True,0.9818936586380005,0.018106382340192795,0.9818936586380005
137,0,0,True,0.999982476234436,0.999982476234436,1.753416654537432e-05
138,0,0,True,0.9999959468841553,0.9999959468841553,4.023907422379125e-06
139,0,0,True,0.999837338924408,0.999837338924408,0.00016268304898403585
140,1,1,True,0.9999276399612427,7.234452641569078e-05,0.9999276399612427
141,1,1,True,0.9995130300521851,0.00048701773630455136,0.9995130300521851
142,1,1,True,0.9468647241592407,0.05313529819250107,0.9468647241592407
143,1,1,True,0.9999810457229614,1.9006831280421466e-05,0.9999810457229614
144,0,0,True,0.9999045729637146,0.9999045729637146,9.545013017486781e-05
145,1,1,True,0.7546765208244324,0.24532347917556763,0.7546765208244324
146,1,1,True,0.9999586343765259,4.13597263104748e-05,0.9999586343765259
147,0,0,True,0.9988314509391785,0.9988314509391785,0.0011685420759022236
148,0,0,True,0.9992960691452026,0.9992960691452026,0.0007039318443275988
149,1,1,True,0.9999654293060303,3.458946230239235e-05,0.9999654293060303
150,1,1,True,0.9951377511024475,0.004862223286181688,0.9951377511024475
151,0,0,True,0.6449404358863831,0.6449404358863831,0.35505959391593933
152,0,0,True,0.9999738335609436,0.9999738335609436,2.618170401547104e-05
153,0,0,True,0.9998294115066528,0.9998294115066528,0.00017061394464690238
154,0,0,True,0.5355650782585144,0.5355650782585144,0.464434951543808
155,1,1,True,0.9995256662368774,0.0004743155150208622,0.9995256662368774
156,0,0,True,0.9999796152114868,0.9999796152114868,2.0375890017021447e-05
157,1,1,True,0.9999167323112488,8.329285628860816e-05,0.9999167323112488
158,0,0,True,0.9999911785125732,0.9999911785125732,8.823908501653932e-06
159,0,0,True,0.9996919631958008,0.9996919631958008,0.00030809183954261243
160,0,0,True,0.9999852776527405,0.9999852776527405,1.4727966117789038e-05
161,0,0,True,0.999933660030365,0.999933660030365,6.63665123283863e-05
162,1,1,True,0.9590258598327637,0.04097413644194603,0.9590258598327637
163,0,0,True,0.999995768070221,0.999995768070221,4.257748059899313e-06
164,0,0,True,0.9999620914459229,0.9999620914459229,3.791690323851071e-05
165,1,1,True,0.99993896484375,6.1033410020172596e-05,0.99993896484375
166,0,0,True,0.9965529441833496,0.9965529441833496,0.0034470290411263704
167,1,1,True,0.9998787641525269,0.0001212443967233412,0.9998787641525269
168,0,0,True,0.9999955892562866,0.9999955892562866,4.447194442036562e-06
169,0,0,True,0.9999949336051941,0.9999949336051941,5.090286776976427e-06
170,0,0,True,0.9999831914901733,0.9999831914901733,1.6792535461718217e-05
171,0,0,True,0.9999806880950928,0.9999806880950928,1.9303799490444362e-05
172,0,0,True,0.9951570630073547,0.9951570630073547,0.00484292721375823
173,0,0,True,0.999984622001648,0.999984622001648,1.5369329048553482e-05
174,0,0,True,0.9999646544456482,0.9999646544456482,3.5352477425476536e-05
175,1,1,True,0.9997860789299011,0.00021390835172496736,0.9997860789299011
176,0,0,True,0.9999808073043823,0.9999808073043823,1.9223738490836695e-05
177,1,1,True,0.9936956763267517,0.006304370239377022,0.9936956763267517
178,0,0,True,0.9999024868011475,0.9999024868011475,9.752588084666058e-05
179,1,1,True,0.9996024966239929,0.00039755599573254585,0.9996024966239929
180,0,0,True,0.9999651908874512,0.9999651908874512,3.483801265247166e-05
181,0,0,True,0.9999955296516418,0.9999955296516418,4.484494183998322e-06
182,1,1,True,0.9944571256637573,0.00554285803809762,0.9944571256637573
183,0,0,True,0.9999969005584717,0.9999969005584717,3.157157379973796e-06
184,1,1,True,0.9996569156646729,0.0003431069490034133,0.9996569156646729
185,1,1,True,0.9999566078186035,4.3414234824012965e-05,0.9999566078186035
186,0,0,True,0.9999887943267822,0.9999887943267822,1.1253530828980729e-05
187,0,0,True,0.9999833106994629,0.9999833106994629,1.6661189874866977e-05
188,0,0,True,0.5029503703117371,0.5029503703117371,0.49704962968826294
189,0,0,True,0.9999890327453613,0.9999890327453613,1.0948172530333977e-05
190,1,1,True,0.9997585415840149,0.00024147947260644287,0.9997585415840149
191,1,1,True,0.9999905824661255,9.463661626796238e-06,0.9999905824661255
192,1,1,True,0.9848839044570923,0.015116127207875252,0.9848839044570923
193,0,0,True,0.9999955296516418,0.9999955296516418,4.486093985178741e-06
194,0,0,True,0.9819099307060242,0.9819099307060242,0.01809004507958889
195,1,1,True,0.9402114748954773,0.059788528829813004,0.9402114748954773
196,1,1,True,0.9997751712799072,0.00022485843510366976,0.9997751712799072
197,1,1,True,0.998788058757782,0.0012119394959881902,0.998788058757782
198,0,0,True,0.9999825954437256,0.9999825954437256,1.737478669383563e-05
199,1,1,True,0.9960513710975647,0.003948662895709276,0.9960513710975647
200,0,0,True,0.9999890327453613,0.9999890327453613,1.0994439435307868e-05
201,0,0,True,0.9997586607933044,0.9997586607933044,0.0002413904294371605
202,1,1,True,0.9999198317527771,8.016226638574153e-05,0.9999198317527771
203,1,1,True,0.9986339211463928,0.0013661081902682781,0.9986339211463928
204,0,0,True,0.9999967813491821,0.9999967813491821,3.20584467772278e-06
205,0,0,True,0.9999963045120239,0.9999963045120239,3.7434735986607848e-06
206,1,1,True,0.9999617338180542,3.826486135949381e-05,0.9999617338180542
207,0,0,True,0.9999926090240479,0.9999926090240479,7.428673143294873e-06
208,1,1,True,0.9998435378074646,0.00015646559768356383,0.9998435378074646
209,0,0,True,0.999996542930603,0.999996542930603,3.499942977214232e-06
210,0,0,True,0.9999951124191284,0.9999951124191284,4.924912900605705e-06
211,0,0,True,0.9999910593032837,0.9999910593032837,8.919946594687644e-06
212,1,1,True,0.999407172203064,0.0005928443861193955,0.999407172203064
213,0,0,True,0.99998939037323,0.99998939037323,1.0586804819467943e-05
214,0,0,True,0.9999308586120605,0.9999308586120605,6.915664562257007e-05
215,1,1,True,0.9932109713554382,0.00678899884223938,0.9932109713554382
216,0,0,True,0.9995853304862976,0.9995853304862976,0.00041471721488051116
217,1,1,True,0.9998358488082886,0.00016414506535511464,0.9998358488082886
218,1,1,True,0.9999361038208008,6.394508091034368e-05,0.9999361038208008
219,1,1,True,0.9999780654907227,2.1992109395796433e-05,0.9999780654907227
220,0,0,True,0.9999802112579346,0.9999802112579346,1.9765995602938347e-05
221,0,0,True,0.9999949932098389,0.9999949932098389,5.04649960930692e-06
222,0,0,True,0.9999279975891113,0.9999279975891113,7.200356048997492e-05
223,1,1,True,0.9999266862869263,7.33429187675938e-05,0.9999266862869263
224,1,1,True,0.9995920062065125,0.00040798282134346664,0.9995920062065125
225,1,1,True,0.921613872051239,0.07838612794876099,0.921613872051239
226,0,0,True,0.9999909400939941,0.9999909400939941,9.083177246793639e-06
227,1,1,True,0.9999912977218628,8.678678568685427e-06,0.9999912977218628
228,0,0,True,0.9999963641166687,0.9999963641166687,3.664265477709705e-06
229,1,1,True,0.999961793422699,3.82256148441229e-05,0.999961793422699
230,0,0,True,0.99303138256073,0.99303138256073,0.006968604866415262
231,0,0,True,0.9999597072601318,0.9999597072601318,4.027833347208798e-05
232,1,1,True,0.8157467842102051,0.18425323069095612,0.8157467842102051
233,0,0,True,0.9999661445617676,0.9999661445617676,3.383304283488542e-05
234,1,1,True,0.999514102935791,0.00048594799591228366,0.999514102935791
235,1,1,True,0.9960845708847046,0.003915433306246996,0.9960845708847046
236,1,1,True,0.9987954497337341,0.001204554340802133,0.9987954497337341
237,0,0,True,0.9951467514038086,0.9951467514038086,0.004853247664868832
238,1,1,True,0.9921128749847412,0.007887184619903564,0.9921128749847412
239,1,1,True,0.9983155131340027,0.0016845150385051966,0.9983155131340027
240,0,0,True,0.9999983310699463,0.9999983310699463,1.6782950069682556e-06
241,0,1,False,0.6361694931983948,0.3638305366039276,0.6361694931983948
242,0,0,True,0.9999916553497314,0.9999916553497314,8.401292689086404e-06
243,0,0,True,0.9216026067733765,0.9216026067733765,0.07839742302894592
244,0,0,True,0.9994001984596252,0.9994001984596252,0.000599814229644835
245,0,0,True,0.9999959468841553,0.9999959468841553,4.026847818749957e-06
246,0,0,True,0.9416922926902771,0.9416922926902771,0.05830775946378708
247,0,0,True,0.999991774559021,0.999991774559021,8.259000424004626e-06
248,0,0,True,0.9999770522117615,0.9999770522117615,2.2975505999056622e-05
249,1,1,True,0.8567253351211548,0.14327466487884521,0.8567253351211548
250,1,1,True,0.9715661406517029,0.028433846309781075,0.9715661406517029
251,0,0,True,0.9833102822303772,0.9833102822303772,0.016689717769622803
252,1,1,True,0.9999104142189026,8.95835182745941e-05,0.9999104142189026
253,0,0,True,0.9999213814735413,0.9999213814735413,7.861934136599302e-05
254,0,0,True,0.9999005794525146,0.9999005794525146,9.942502219928429e-05
255,0,0,True,0.9999974966049194,0.9999974966049194,2.477385805832455e-06
256,0,0,True,0.9999947547912598,0.9999947547912598,5.263882940198528e-06
257,1,1,True,0.9999618530273438,3.81330210075248e-05,0.9999618530273438
258,0,0,True,0.638507604598999,0.638507604598999,0.361492395401001
259,1,1,True,0.9999122619628906,8.775451715337113e-05,0.9999122619628906
260,1,1,True,0.9962559938430786,0.0037440420128405094,0.9962559938430786
261,0,0,True,0.999854326248169,0.999854326248169,0.00014567146718036383
262,1,1,True,0.9996700286865234,0.00033002058626152575,0.9996700286865234
263,0,0,True,0.9999983310699463,0.9999983310699463,1.6906420796658495e-06
264,1,1,True,0.9977592825889587,0.002240725327283144,0.9977592825889587
265,0,1,False,0.6958885192871094,0.304111510515213,0.6958885192871094
266,0,0,True,0.9999977350234985,0.9999977350234985,2.2991291643847944e-06
267,1,1,True,0.9997231364250183,0.00027683432563208044,0.9997231364250183
268,0,0,True,0.9972388744354248,0.9972388744354248,0.002761103445664048
269,0,0,True,0.9999939203262329,0.9999939203262329,6.06821686233161e-06
270,1,1,True,0.9877991676330566,0.012200872413814068,0.9877991676330566
271,0,0,True,0.7568661570549011,0.7568661570549011,0.24313384294509888
272,0,0,True,0.9999955892562866,0.9999955892562866,4.432358764461242e-06
273,0,0,True,0.9999895095825195,0.9999895095825195,1.0503025805519428e-05
274,0,0,True,0.9991288185119629,0.9991288185119629,0.000871207972522825
275,0,0,True,0.9998680353164673,0.9998680353164673,0.00013197853695601225
276,1,1,True,0.8354943990707397,0.16450557112693787,0.8354943990707397
277,1,1,True,0.9994686245918274,0.0005313698202371597,0.9994686245918274
278,0,0,True,0.9999971389770508,0.9999971389770508,2.8528640996228205e-06
279,1,1,True,0.998789370059967,0.0012105728965252638,0.998789370059967
280,0,0,True,0.9999737739562988,0.9999737739562988,2.624096850922797e-05
281,1,1,True,0.9999487400054932,5.1261464250274e-05,0.9999487400054932
282,1,1,True,0.996890127658844,0.0031098939944058657,0.996890127658844
283,0,0,True,0.9999867677688599,0.9999867677688599,1.3233179743110668e-05
284,1,1,True,0.8865152597427368,0.11348477751016617,0.8865152597427368
285,1,1,True,0.9998108744621277,0.00018911075312644243,0.9998108744621277
286,0,0,True,0.9944597482681274,0.9944597482681274,0.005540240090340376
287,1,1,True,0.9999821782112122,1.7842196029960178e-05,0.9999821782112122
288,0,0,True,0.9963982105255127,0.9963982105255127,0.003601797390729189
289,0,0,True,0.999983549118042,0.999983549118042,1.6433275959570892e-05
290,0,0,True,0.9999969005584717,0.9999969005584717,3.1475040032091783e-06
291,1,1,True,0.9870477914810181,0.012952219694852829,0.9870477914810181
292,0,0,True,0.9998000264167786,0.9998000264167786,0.00019992535817436874
293,1,1,True,0.9998387098312378,0.0001612952328287065,0.9998387098312378
294,0,0,True,0.9999967813491821,0.9999967813491821,3.2216194085776806e-06
295,1,1,True,0.9934229254722595,0.006577079184353352,0.9934229254722595
296,0,0,True,0.9999949336051941,0.9999949336051941,5.068725386081496e-06
297,1,1,True,0.6805675029754639,0.31943249702453613,0.6805675029754639
298,1,1,True,0.9999898076057434,1.021084335661726e-05,0.9999898076057434
299,0,1,False,0.7064790725708008,0.2935209274291992,0.7064790725708008
300,0,0,True,0.9995385408401489,0.9995385408401489,0.000461461313534528
301,1,1,True,0.9998189806938171,0.00018099337466992438,0.9998189806938171
302,1,1,True,0.9975252747535706,0.0024747068528085947,0.9975252747535706
303,1,1,True,0.999984085559845,1.5932015230646357e-05,0.999984085559845
304,1,1,True,0.997117817401886,0.0028822002932429314,0.997117817401886
305,1,1,True,0.9867160320281982,0.013283971697092056,0.9867160320281982
306,0,0,True,0.9999843239784241,0.9999843239784241,1.5696121408836916e-05
307,1,1,True,0.996816098690033,0.003183854278177023,0.996816098690033
308,0,0,True,0.9995771050453186,0.9995771050453186,0.0004229364567436278
309,0,0,True,0.99998939037323,0.99998939037323,1.0649881915014703e-05
310,0,0,True,0.9997895956039429,0.9997895956039429,0.0002104245068039745
311,0,0,True,0.9999932050704956,0.9999932050704956,6.802079496992519e-06
312,0,0,True,0.9999986886978149,0.9999986886978149,1.351880882793921e-06
313,1,1,True,0.9999145269393921,8.546940080123022e-05,0.9999145269393921
314,0,0,True,0.9999872446060181,0.9999872446060181,1.276607781619532e-05
315,1,1,True,0.9998347759246826,0.0001652238570386544,0.9998347759246826
316,1,1,True,0.9995410442352295,0.0004590048047248274,0.9995410442352295
317,0,1,False,0.8407169580459595,0.15928304195404053,0.8407169580459595
318,1,1,True,0.9849990010261536,0.015000994317233562,0.9849990010261536
319,1,1,True,0.9999901056289673,9.902960300678387e-06,0.9999901056289673
320,0,0,True,0.999912679195404,0.999912679195404,8.73425233294256e-05
321,1,1,True,0.9778473973274231,0.022152628749608994,0.9778473973274231
322,0,0,True,0.9080784320831299,0.9080784320831299,0.0919215977191925
323,0,0,True,0.9999932050704956,0.9999932050704956,6.846093128842767e-06
324,0,0,True,0.9999970197677612,0.9999970197677612,3.0103294648142764e-06
325,0,0,True,0.9999969005584717,0.9999969005584717,3.1499725992034655e-06
326,0,0,True,0.9999958276748657,0.9999958276748657,4.216012712277006e-06
327,1,0,False,0.6524538397789001,0.6524538397789001,0.34754621982574463
328,1,1,True,0.9999216794967651,7.831575931049883e-05,0.9999216794967651
329,1,1,True,0.9999517202377319,4.825453652301803e-05,0.9999517202377319
330,1,1,True,0.9984762072563171,0.0015238451305776834,0.9984762072563171
331,0,0,True,0.9841975569725037,0.9841975569725037,0.015802498906850815
332,0,0,True,0.9999009370803833,0.9999009370803833,9.910207154462114e-05
333,1,1,True,0.9987133741378784,0.0012866227189078927,0.9987133741378784
334,1,1,True,0.9781328439712524,0.02186710387468338,0.9781328439712524
335,1,1,True,0.9915786385536194,0.008421367965638638,0.9915786385536194
336,0,0,True,0.9996882677078247,0.9996882677078247,0.00031172981834970415
337,0,0,True,0.9999673366546631,0.9999673366546631,3.271190871600993e-05
338,1,1,True,0.9991874098777771,0.00081263342872262,0.9991874098777771
339,1,1,True,0.9996225237846375,0.00037750095361843705,0.9996225237846375
340,1,1,True,0.9998165965080261,0.0001834025897551328,0.9998165965080261
341,1,1,True,0.8369401693344116,0.16305983066558838,0.8369401693344116
342,0,0,True,0.9999940991401672,0.9999940991401672,5.918722308706492e-06
343,0,0,True,0.9999732375144958,0.9999732375144958,2.676525036804378e-05
344,0,0,True,0.9999119639396667,0.9999119639396667,8.806031837593764e-05
345,1,1,True,0.9984922409057617,0.0015077643329277635,0.9984922409057617
346,1,1,True,0.5498514175415039,0.4501485526561737,0.5498514175415039
347,1,1,True,0.9999179840087891,8.204323967220262e-05,0.9999179840087891
348,0,0,True,0.9999867677688599,0.9999867677688599,1.3225888324086554e-05
349,0,0,True,0.999902606010437,0.999902606010437,9.739557572174817e-05
350,0,0,True,0.9997522234916687,0.9997522234916687,0.00024774938356131315
351,0,0,True,0.999089241027832,0.999089241027832,0.0009107813239097595
352,0,0,True,0.9999933838844299,0.9999933838844299,6.6336142481304705e-06
353,1,1,True,0.9997455477714539,0.0002544907620176673,0.9997455477714539
354,1,1,True,0.9998347163200378,0.00016530518769286573,0.9998347163200378
355,0,0,True,0.9999860525131226,0.9999860525131226,1.3971616681374144e-05
356,1,1,True,0.9999598264694214,4.016315142507665e-05,0.9999598264694214
357,0,0,True,0.9999964237213135,0.9999964237213135,3.612703267208417e-06
358,1,0,False,0.7089441418647766,0.7089441418647766,0.291055828332901
359,1,1,True,0.9999629855155945,3.7029025406809524e-05,0.9999629855155945
360,1,1,True,0.9853920340538025,0.01460800226777792,0.9853920340538025
361,1,1,True,0.9428912997245789,0.057108718901872635,0.9428912997245789
362,0,0,True,0.9661109447479248,0.9661109447479248,0.033889029175043106
363,0,0,True,0.9999843835830688,0.9999843835830688,1.5597086530760862e-05
364,0,0,True,0.9999738931655884,0.9999738931655884,2.6114623324247077e-05
365,1,1,True,0.9952109456062317,0.0047890497371554375,0.9952109456062317
366,1,1,True,0.9784305095672607,0.021569497883319855,0.9784305095672607
367,1,1,True,0.9941315054893494,0.0058684865944087505,0.9941315054893494
368,0,0,True,0.9999659061431885,0.9999659061431885,3.407816984690726e-05
369,0,0,True,0.9999905824661255,0.9999905824661255,9.420052265340928e-06
370,0,0,True,0.9999842643737793,0.9999842643737793,1.5710720617789775e-05
371,1,1,True,0.9999442100524902,5.577237607212737e-05,0.9999442100524902
372,0,0,True,0.9999865293502808,0.9999865293502808,1.3488903277902864e-05
373,1,1,True,0.999907374382019,9.263721585739404e-05,0.999907374382019
374,1,1,True,0.9999698996543884,3.01091859000735e-05,0.9999698996543884
375,1,1,True,0.9425930976867676,0.05740692839026451,0.9425930976867676
376,1,1,True,0.5456838607788086,0.454316109418869,0.5456838607788086
377,1,1,True,0.999238908290863,0.0007611110922880471,0.999238908290863
378,1,1,True,0.9999103546142578,8.965803863247856e-05,0.9999103546142578
379,1,1,True,0.9992483258247375,0.000751672254409641,0.9992483258247375
380,1,1,True,0.9861654043197632,0.013834630139172077,0.9861654043197632
381,0,0,True,0.9999983310699463,0.9999983310699463,1.6889097196326475e-06
382,0,0,True,0.9995555281639099,0.9995555281639099,0.00044447844265960157
383,0,0,True,0.9999850392341614,0.9999850392341614,1.4965874470362905e-05
384,1,1,True,0.9601309895515442,0.0398690365254879,0.9601309895515442
385,1,1,True,0.9970477223396301,0.0029522222466766834,0.9970477223396301
386,1,1,True,0.9999666810035706,3.332969208713621e-05,0.9999666810035706
387,1,1,True,0.9916477203369141,0.008352282457053661,0.9916477203369141
388,1,1,True,0.999930739402771,6.923331966390833e-05,0.999930739402771
389,1,1,True,0.9997754096984863,0.00022461095068138093,0.9997754096984863
390,0,0,True,0.9982172250747681,0.9982172250747681,0.0017827927367761731
391,1,1,True,0.9998587369918823,0.00014126271707937121,0.9998587369918823
392,0,0,True,0.9999324679374695,0.9999324679374695,6.755068170605227e-05
393,0,0,True,0.9918262958526611,0.9918262958526611,0.008173754438757896
394,1,1,True,0.9578410387039185,0.04215899109840393,0.9578410387039185
395,0,0,True,0.9999615550041199,0.9999615550041199,3.844767707050778e-05
396,1,1,True,0.9999758005142212,2.4222201318480074e-05,0.9999758005142212
397,1,1,True,0.9939541220664978,0.006045923102647066,0.9939541220664978
398,1,1,True,0.9993513822555542,0.0006486341590061784,0.9993513822555542
399,0,0,True,0.9999085664749146,0.9999085664749146,9.143817442236468e-05
400,1,1,True,0.9999428391456604,5.717826934414916e-05,0.9999428391456604
401,0,0,True,0.9997883439064026,0.9997883439064026,0.00021169392857700586
402,1,0,False,0.9771073460578918,0.9771073460578918,0.022892676293849945
403,0,0,True,0.9998723864555359,0.9998723864555359,0.00012763365521095693
404,0,0,True,0.9936774969100952,0.9936774969100952,0.006322531960904598
405,0,0,True,0.9999963045120239,0.9999963045120239,3.730849584826501e-06
406,0,0,True,0.9995797276496887,0.9995797276496887,0.000420280615799129
407,1,1,True,0.8448780179023743,0.15512195229530334,0.8448780179023743
408,0,0,True,0.9999955892562866,0.9999955892562866,4.418806383910123e-06
409,1,1,True,0.9996792078018188,0.0003208462439943105,0.9996792078018188
410,0,0,True,0.9999969005584717,0.9999969005584717,3.084089485128061e-06
411,1,1,True,0.9996935129165649,0.00030648871324956417,0.9996935129165649
412,0,0,True,0.9999961256980896,0.9999961256980896,3.8815678635728545e-06
413,0,0,True,0.6324134469032288,0.6324134469032288,0.36758658289909363
414,1,1,True,0.9980397820472717,0.001960241235792637,0.9980397820472717
415,1,1,True,0.9987152218818665,0.0012848031474277377,0.9987152218818665
416,1,1,True,0.9918097853660583,0.008190155029296875,0.9918097853660583
417,1,1,True,0.9999613761901855,3.860536162392236e-05,0.9999613761901855
418,1,1,True,0.9998363256454468,0.00016367400530725718,0.9998363256454468
419,0,0,True,0.982011616230011,0.982011616230011,0.017988383769989014
420,1,1,True,0.9999687075614929,3.131396442768164e-05,0.9999687075614929
421,1,1,True,0.9751952886581421,0.02480473555624485,0.9751952886581421
422,0,0,True,0.9995039701461792,0.9995039701461792,0.0004960570367984474
423,1,1,True,0.9819113612174988,0.018088674172759056,0.9819113612174988
424,1,1,True,0.9409798979759216,0.059020139276981354,0.9409798979759216
425,0,0,True,0.9987038373947144,0.9987038373947144,0.0012961475877091289
426,1,1,True,0.9989726543426514,0.0010273982770740986,0.9989726543426514
427,0,0,True,0.9999982714653015,0.9999982714653015,1.7328617332168506e-06
428,0,0,True,0.9999924898147583,0.9999924898147583,7.501022537326207e-06
429,0,0,True,0.9999777674674988,0.9999777674674988,2.2233733034227043e-05
430,1,1,True,0.9958100318908691,0.004189994186162949,0.9958100318908691
431,0,0,True,0.9999966025352478,0.9999966025352478,3.420765551709337e-06
432,0,0,True,0.9999967813491821,0.9999967813491821,3.1902475257084006e-06
433,0,0,True,0.9999389052391052,0.9999389052391052,6.110737012932077e-05
434,0,0,True,0.999994695186615,0.999994695186615,5.309515472617932e-06
435,0,0,True,0.9999780654907227,0.9999780654907227,2.1916192054050043e-05
436,1,1,True,0.9933775067329407,0.006622434128075838,0.9933775067329407
437,1,1,True,0.9961115717887878,0.003888424951583147,0.9961115717887878
438,0,0,True,0.999997615814209,0.999997615814209,2.3743134534015553e-06
439,1,1,True,0.9809383749961853,0.019061632454395294,0.9809383749961853
440,0,0,True,0.9999459385871887,0.9999459385871887,5.406426498666406e-05
441,1,1,True,0.9999877214431763,1.2275138033146504e-05,0.9999877214431763
442,1,1,True,0.9902689456939697,0.009731058031320572,0.9902689456939697
443,1,1,True,0.9999575018882751,4.251748396200128e-05,0.9999575018882751
444,1,1,True,0.9999552965164185,4.4698761485051364e-05,0.9999552965164185
445,0,0,True,0.9997819662094116,0.9997819662094116,0.0002180544543080032
446,0,0,True,0.99998939037323,0.99998939037323,1.0640663276717532e-05
447,1,1,True,0.999849259853363,0.00015073578106239438,0.999849259853363
448,0,0,True,0.9999067187309265,0.9999067187309265,9.328922169515863e-05
449,0,0,True,0.999996542930603,0.999996542930603,3.432562607486034e-06
450,0,0,True,0.9999982118606567,0.9999982118606567,1.7783710291041643e-06
451,0,0,True,0.9999871850013733,0.9999871850013733,1.2833726941607893e-05
452,0,0,True,0.9949129819869995,0.9949129819869995,0.005087033845484257
453,1,1,True,0.9998923540115356,0.00010768626088974997,0.9998923540115356
454,1,1,True,0.999396562576294,0.0006034484831616282,0.999396562576294
455,1,1,True,0.9990046620368958,0.0009953565895557404,0.9990046620368958
456,1,1,True,0.9991341233253479,0.0008659310406073928,0.9991341233253479
457,1,1,True,0.9997581839561462,0.00024185322399716824,0.9997581839561462
458,0,0,True,0.9999791383743286,0.9999791383743286,2.0893063265248202e-05
459,0,0,True,0.9999876618385315,0.9999876618385315,1.2365184375084937e-05
460,1,1,True,0.9992912411689758,0.0007087610429152846,0.9992912411689758
461,1,1,True,0.9999734163284302,2.6564690415398218e-05,0.9999734163284302
462,0,0,True,0.9999973773956299,0.9999973773956299,2.625043407533667e-06
463,0,0,True,0.9999827146530151,0.9999827146530151,1.7339249097858556e-05
464,0,0,True,0.9999947547912598,0.9999947547912598,5.244901331025176e-06
465,0,0,True,0.9999914765357971,0.9999914765357971,8.54518930282211e-06
466,1,1,True,0.996708869934082,0.003291103523224592,0.996708869934082
467,1,1,True,0.9996736645698547,0.00032635117531754076,0.9996736645698547
468,0,0,True,0.9999502897262573,0.9999502897262573,4.9733549531083554e-05
469,1,1,True,0.999298632144928,0.0007013861904852092,0.999298632144928
470,1,1,True,0.9232888221740723,0.07671122252941132,0.9232888221740723
471,0,0,True,0.9999810457229614,0.9999810457229614,1.8931323211290874e-05
472,1,1,True,0.9989917874336243,0.0010082287481054664,0.9989917874336243
473,1,1,True,0.9993973970413208,0.0006025826442055404,0.9993973970413208
474,0,0,True,0.99992436170578,0.99992436170578,7.565155829070136e-05
475,1,1,True,0.9608203172683716,0.0391797311604023,0.9608203172683716
476,1,1,True,0.9979275465011597,0.002072460250928998,0.9979275465011597
477,1,1,True,0.9621179103851318,0.03788210079073906,0.9621179103851318
478,0,0,True,0.9999974966049194,0.9999974966049194,2.5361787265865132e-06
479,1,1,True,0.9998517036437988,0.00014826819824520499,0.9998517036437988
480,0,0,True,0.9995940923690796,0.9995940923690796,0.00040593548328615725
481,0,0,True,0.999995231628418,0.999995231628418,4.781888037541648e-06
482,1,1,True,0.9998963475227356,0.00010365189518779516,0.9998963475227356
483,1,1,True,0.9998820424079895,0.00011794921738328412,0.9998820424079895
484,0,0,True,0.9730164408683777,0.9730164408683777,0.02698357403278351
485,1,1,True,0.9931449294090271,0.006855082232505083,0.9931449294090271
486,0,0,True,0.9987615346908569,0.9987615346908569,0.0012384852161630988
487,1,1,True,0.9997513890266418,0.0002485834411345422,0.9997513890266418
488,1,1,True,0.9999352693557739,6.471069355029613e-05,0.9999352693557739
489,1,1,True,0.9973474144935608,0.0026525878347456455,0.9973474144935608
490,1,1,True,0.9999195337295532,8.051422628341243e-05,0.9999195337295532
491,1,1,True,0.9948461055755615,0.00515392841771245,0.9948461055755615
492,0,0,True,0.9999910593032837,0.9999910593032837,8.948781214712653e-06
493,1,1,True,0.9994993805885315,0.0005006312858313322,0.9994993805885315
494,1,1,True,0.9982048273086548,0.001795149059034884,0.9982048273086548
495,0,0,True,0.9998032450675964,0.9998032450675964,0.0001967769057955593
496,0,0,True,0.9999878406524658,0.9999878406524658,1.2135022188886069e-05
497,1,1,True,0.9999778270721436,2.2177931896294467e-05,0.9999778270721436
498,0,0,True,0.9999890327453613,0.9999890327453613,1.0953958735626657e-05
499,1,1,True,0.999891459941864,0.00010856367589440197,0.999891459941864
500,1,1,True,0.9419828653335571,0.05801713839173317,0.9419828653335571
501,1,1,True,0.9775530099868774,0.022447004914283752,0.9775530099868774
502,0,0,True,0.9999918937683105,0.9999918937683105,8.11890004115412e-06
503,0,0,True,0.9999942183494568,0.9999942183494568,5.810719358123606e-06
504,0,0,True,0.9999799132347107,0.9999799132347107,2.0113000573473983e-05
505,0,0,True,0.9998805522918701,0.9998805522918701,0.0001194464202853851
506,1,1,True,0.990083634853363,0.009916390292346478,0.990083634853363
507,0,0,True,0.9992793202400208,0.9992793202400208,0.0007206233567558229
508,1,1,True,0.9577925205230713,0.0422075092792511,0.9577925205230713
509,1,1,True,0.9943528771400452,0.005647135432809591,0.9943528771400452
510,0,0,True,0.999994695186615,0.999994695186615,5.3229659897624515e-06
511,1,1,True,0.9998024106025696,0.0001975321938516572,0.9998024106025696
512,0,0,True,0.9999831914901733,0.9999831914901733,1.6852873159223236e-05
513,1,1,True,0.9997641444206238,0.00023590808268636465,0.9997641444206238
514,0,0,True,0.9900187253952026,0.9900187253952026,0.00998126994818449
515,0,0,True,0.9999940395355225,0.9999940395355225,5.961327588011045e-06
516,1,1,True,0.9999457597732544,5.4234151320997626e-05,0.9999457597732544
517,0,0,True,0.9827743172645569,0.9827743172645569,0.017225703224539757
518,0,0,True,0.9998086094856262,0.9998086094856262,0.00019134569447487593
519,0,0,True,0.9998851418495178,0.9998851418495178,0.0001148698283941485
520,1,1,True,0.999153733253479,0.0008462786208838224,0.999153733253479
521,1,1,True,0.9824256300926208,0.017574366182088852,0.9824256300926208
522,1,1,True,0.9997838139533997,0.00021623726934194565,0.9997838139533997
523,0,0,True,0.9999979138374329,0.9999979138374329,2.1110258785483893e-06
524,0,0,True,0.9999863505363464,0.9999863505363464,1.3667910025105812e-05
525,0,0,True,0.9999889135360718,0.9999889135360718,1.1136498869745992e-05
526,1,1,True,0.9998509883880615,0.00014904058480169624,0.9998509883880615
527,0,0,True,0.9997472167015076,0.9997472167015076,0.00025281243142671883
528,1,1,True,0.9659309387207031,0.03406905755400658,0.9659309387207031
529,1,1,True,0.9930082559585571,0.0069917174987494946,0.9930082559585571
530,0,0,True,0.9999886751174927,0.9999886751174927,1.1313553841318935e-05
531,0,0,True,0.999976396560669,0.999976396560669,2.3617283659405075e-05
532,0,0,True,0.999990701675415,0.999990701675415,9.334969945484772e-06
533,1,1,True,0.9930230379104614,0.006976941600441933,0.9930230379104614
534,0,0,True,0.9999861717224121,0.9999861717224121,1.3844907698512543e-05
535,0,0,True,0.9999356269836426,0.9999356269836426,6.442316225729883e-05
536,0,1,False,0.6242237687110901,0.3757762610912323,0.6242237687110901
537,1,1,True,0.9724352359771729,0.027564775198698044,0.9724352359771729
538,1,1,True,0.9451666474342346,0.05483333021402359,0.9451666474342346
539,0,1,False,0.8937215209007263,0.10627846419811249,0.8937215209007263
540,0,0,True,0.999997615814209,0.999997615814209,2.3836946638766676e-06
541,0,0,True,0.9999963045120239,0.9999963045120239,3.74555907001195e-06
542,1,1,True,0.9916000366210938,0.008399979211390018,0.9916000366210938
543,1,1,True,0.9998117685317993,0.0001882558426586911,0.9998117685317993
544,1,1,True,0.9998762607574463,0.00012373864592518657,0.9998762607574463
545,0,0,True,0.9610443115234375,0.9610443115234375,0.03895571455359459
546,0,0,True,0.9999793767929077,0.9999793767929077,2.0609837520169094e-05
547,1,1,True,0.9992389678955078,0.0007610748871229589,0.9992389678955078
548,1,0,False,0.8408766388893127,0.8408766388893127,0.15912333130836487
549,1,1,True,0.9999675750732422,3.246784399379976e-05,0.9999675750732422
550,0,0,True,0.9999967813491821,0.9999967813491821,3.255375986555009e-06
551,0,0,True,0.9518285989761353,0.9518285989761353,0.04817143455147743
552,1,1,True,0.9994723200798035,0.0005277155432850122,0.9994723200798035
553,1,1,True,0.9959996938705444,0.0040002563036978245,0.9959996938705444
554,1,1,True,0.9996047616004944,0.000395212002331391,0.9996047616004944
555,0,0,True,0.9560306072235107,0.9560306072235107,0.043969396501779556
556,0,0,True,0.9999850988388062,0.9999850988388062,1.4911111065885052e-05
557,0,0,True,0.9999973773956299,0.9999973773956299,2.6436523512529675e-06
558,0,0,True,0.9999954700469971,0.9999954700469971,4.584050657285843e-06
559,1,1,True,0.9848114848136902,0.015188534744083881,0.9848114848136902
560,0,0,True,0.9999188184738159,0.9999188184738159,8.119611447909847e-05
561,1,1,True,0.9999287128448486,7.12713081156835e-05,0.9999287128448486
562,0,0,True,0.9809979200363159,0.9809979200363159,0.01900210976600647
563,0,0,True,0.9999939203262329,0.9999939203262329,6.105122338340152e-06
564,1,1,True,0.9999600648880005,3.99266900785733e-05,0.9999600648880005
565,1,1,True,0.9994082450866699,0.0005917777307331562,0.9994082450866699
566,1,1,True,0.9999668598175049,3.3139211154775694e-05,0.9999668598175049
567,0,0,True,0.9999737739562988,0.9999737739562988,2.6221632651868276e-05
568,1,1,True,0.9999842643737793,1.575645546836313e-05,0.9999842643737793
569,0,0,True,0.7448646426200867,0.7448646426200867,0.25513535737991333
570,0,0,True,0.9999839663505554,0.9999839663505554,1.6055379091994837e-05
571,1,1,True,0.9981355667114258,0.00186441489495337,0.9981355667114258
572,1,1,True,0.9923280477523804,0.007671960163861513,0.9923280477523804
573,1,1,True,0.9881287217140198,0.011871223337948322,0.9881287217140198
574,1,1,True,0.9999755620956421,2.447457518428564e-05,0.9999755620956421
575,0,0,True,0.8856855630874634,0.8856855630874634,0.11431445926427841
576,1,1,True,0.9982349276542664,0.0017650973750278354,0.9982349276542664
577,0,0,True,0.9980229139328003,0.9980229139328003,0.001977029722183943
578,0,0,True,0.9999983906745911,0.9999983906745911,1.6207643511734204e-06
579,1,1,True,0.9691344499588013,0.030865538865327835,0.9691344499588013
580,1,1,True,0.9983975291252136,0.0016024764627218246,0.9983975291252136
581,0,0,True,0.9994288682937622,0.9994288682937622,0.000571106153074652
582,1,1,True,0.9986947178840637,0.0013053107541054487,0.9986947178840637
583,0,0,True,0.9999903440475464,0.9999903440475464,9.676411536929663e-06
584,1,1,True,0.9996716976165771,0.000328248948790133,0.9996716976165771
585,0,0,True,0.9999933242797852,0.9999933242797852,6.650177510891808e-06
586,1,1,True,0.9990962743759155,0.0009036714327521622,0.9990962743759155
587,0,0,True,0.9999940395355225,0.9999940395355225,5.967646757198963e-06
588,0,0,True,0.9999918937683105,0.9999918937683105,8.140204954543151e-06
589,0,0,True,0.9999961853027344,0.9999961853027344,3.867084160447121e-06
590,0,0,True,0.9924361109733582,0.9924361109733582,0.0075639039278030396
591,0,0,True,0.9999948143959045,0.9999948143959045,5.203480213822331e-06
592,1,1,True,0.9999571442604065,4.287926640245132e-05,0.9999571442604065
593,0,0,True,0.8434135913848877,0.8434135913848877,0.1565864235162735
594,0,0,True,0.9999870657920837,0.9999870657920837,1.2961166248715017e-05
595,0,0,True,0.9994335770606995,0.9994335770606995,0.0005664104246534407
596,0,0,True,0.999992311000824,0.999992311000824,7.706877113378141e-06
597,1,1,True,0.9998573660850525,0.00014266211655922234,0.9998573660850525
598,0,0,True,0.9999779462814331,0.9999779462814331,2.2031237676856108e-05
599,0,0,True,0.9999970197677612,0.9999970197677612,2.9527068363677245e-06
600,0,0,True,0.9999920129776001,0.9999920129776001,7.990720405359752e-06
601,1,1,True,0.9995448589324951,0.00045513021177612245,0.9995448589324951
602,0,0,True,0.999992847442627,0.999992847442627,7.152587841119384e-06
603,0,0,True,0.9999832510948181,0.9999832510948181,1.6753969248384237e-05
604,1,1,True,0.9999229907989502,7.699544948991388e-05,0.9999229907989502
605,0,0,True,0.9999868273735046,0.9999868273735046,1.3183626833779272e-05
606,1,1,True,0.9336305856704712,0.06636947393417358,0.9336305856704712
607,0,0,True,0.9999831914901733,0.9999831914901733,1.6781777958385646e-05
608,1,1,True,0.9682490229606628,0.03175099566578865,0.9682490229606628
609,0,0,True,0.9945629239082336,0.9945629239082336,0.005437077488750219
610,1,1,True,0.9998577833175659,0.0001422494533471763,0.9998577833175659
611,0,0,True,0.9999915361404419,0.9999915361404419,8.47396131575806e-06
612,1,1,True,0.997736394405365,0.002263604896143079,0.997736394405365
613,0,0,True,0.9999974966049194,0.9999974966049194,2.5557972094247816e-06
614,0,0,True,0.8981236815452576,0.8981236815452576,0.10187633335590363
615,1,1,True,0.9999423027038574,5.7716235460247844e-05,0.9999423027038574
616,0,0,True,0.865131139755249,0.865131139755249,0.13486891984939575
617,0,0,True,0.9999967813491821,0.9999967813491821,3.2017564990383107e-06
618,0,0,True,0.5187978148460388,0.5187978148460388,0.4812021553516388
619,0,0,True,0.9999477863311768,0.9999477863311768,5.2251874876674265e-05
620,0,0,True,0.863203227519989,0.863203227519989,0.13679680228233337
621,1,1,True,0.9999772310256958,2.2783804524806328e-05,0.9999772310256958
622,1,1,True,0.9999082088470459,9.180985216517001e-05,0.9999082088470459
623,1,1,True,0.9983066320419312,0.0016934089362621307,0.9983066320419312
624,0,0,True,0.9999942779541016,0.9999942779541016,5.752006472903304e-06
625,1,1,True,0.9991318583488464,0.0008681008475832641,0.9991318583488464
626,1,1,True,0.973315954208374,0.026684066280722618,0.973315954208374
627,1,1,True,0.9999656677246094,3.4369095374131575e-05,0.9999656677246094
628,1,1,True,0.9994956254959106,0.0005043494165875018,0.9994956254959106
629,0,0,True,0.9999975562095642,0.9999975562095642,2.4619989744678605e-06
630,1,1,True,0.9998061656951904,0.00019385942141525447,0.9998061656951904
631,0,1,False,0.7298702001571655,0.2701297998428345,0.7298702001571655
632,1,1,True,0.9991231560707092,0.0008768289117142558,0.9991231560707092
633,1,1,True,0.9999871850013733,1.2835636880481616e-05,0.9999871850013733
634,1,1,True,0.9998050332069397,0.00019495973538141698,0.9998050332069397
635,0,0,True,0.9999927878379822,0.9999927878379822,7.215227469714591e-06
636,0,0,True,0.9999873638153076,0.9999873638153076,1.2620851521205623e-05
637,0,0,True,0.9999912977218628,0.9999912977218628,8.72203236212954e-06
638,1,1,True,0.9990473389625549,0.0009526872308924794,0.9990473389625549
639,0,0,True,0.9999955892562866,0.9999955892562866,4.463864115678007e-06
640,1,1,True,0.9990205764770508,0.0009794511133804917,0.9990205764770508
641,0,0,True,0.9999879598617554,0.9999879598617554,1.2063760550518055e-05
642,0,0,True,0.999987006187439,0.999987006187439,1.298633014812367e-05
643,0,0,True,0.9999936819076538,0.9999936819076538,6.3356505961564835e-06
644,0,0,True,0.980927586555481,0.980927586555481,0.01907242275774479
645,1,1,True,0.9997904896736145,0.0002094986120937392,0.9997904896736145
646,0,0,True,0.9999936819076538,0.9999936819076538,6.323204161162721e-06
647,1,1,True,0.9999711513519287,2.8840584491263144e-05,0.9999711513519287
648,0,0,True,0.999976396560669,0.999976396560669,2.360181497351732e-05
649,1,1,True,0.9693060517311096,0.030693896114826202,0.9693060517311096
650,1,1,True,0.9880663156509399,0.011933714151382446,0.9880663156509399
651,1,1,True,0.9872329831123352,0.012767033651471138,0.9872329831123352
652,0,0,True,0.9999970197677612,0.9999970197677612,3.001262712132302e-06
653,1,1,True,0.999919056892395,8.09395351097919e-05,0.999919056892395
654,1,1,True,0.9969762563705444,0.0030237885657697916,0.9969762563705444
655,1,1,True,0.9937055706977844,0.006294430699199438,0.9937055706977844
656,0,0,True,0.9999967217445374,0.9999967217445374,3.304427536932053e-06
657,1,1,True,0.9964825510978699,0.0035174735821783543,0.9964825510978699
658,0,0,True,0.9999882578849792,0.9999882578849792,1.1754428669519257e-05
659,0,0,True,0.9999982714653015,0.9999982714653015,1.7410845885024173e-06
660,1,1,True,0.9994810223579407,0.0005189377116039395,0.9994810223579407
661,0,0,True,0.9999668598175049,0.9999668598175049,3.3156724384753034e-05
662,0,0,True,0.9602453112602234,0.9602453112602234,0.03975466266274452
663,0,0,True,0.999995231628418,0.999995231628418,4.8272718231601175e-06
664,0,0,True,0.9999619126319885,0.9999619126319885,3.8092137401690707e-05
665,1,1,True,0.9995346069335938,0.0004654474905692041,0.9995346069335938
666,1,1,True,0.9980217218399048,0.0019782863091677427,0.9980217218399048
667,1,1,True,0.9881922006607056,0.011807805858552456,0.9881922006607056
668,0,0,True,0.9999954700469971,0.9999954700469971,4.557739430310903e-06
669,1,1,True,0.9977796673774719,0.002220320049673319,0.9977796673774719
670,0,0,True,0.9999946355819702,0.9999946355819702,5.3376415962702595e-06
671,1,1,True,0.9994544386863708,0.0005455727223306894,0.9994544386863708
672,0,1,False,0.9602882266044617,0.03971180319786072,0.9602882266044617
673,0,0,True,0.9999938011169434,0.9999938011169434,6.245801159820985e-06
674,0,0,True,0.6595568060874939,0.6595568060874939,0.3404432237148285
675,1,1,True,0.9999063611030579,9.363020944874734e-05,0.9999063611030579
676,1,1,True,0.9641437530517578,0.0358562245965004,0.9641437530517578
677,1,1,True,0.999196469783783,0.0008035896462388337,0.999196469783783
678,0,0,True,0.9999767541885376,0.9999767541885376,2.3261094611370936e-05
679,1,1,True,0.9998940825462341,0.00010592314356472343,0.9998940825462341
680,1,1,True,0.9332152009010315,0.0667848065495491,0.9332152009010315
681,0,0,True,0.9999969005584717,0.9999969005584717,3.1397482871398097e-06
682,0,0,True,0.9999908804893494,0.9999908804893494,9.11975439521484e-06
683,1,1,True,0.9998142123222351,0.00018578252638690174,0.9998142123222351
684,1,1,True,0.9996458888053894,0.0003541116020642221,0.9996458888053894
685,1,1,True,0.9999424815177917,5.7538618420949206e-05,0.9999424815177917
686,0,0,True,0.999993622303009,0.999993622303009,6.3917573243088555e-06
687,1,1,True,0.9984925389289856,0.0015074650291353464,0.9984925389289856
688,0,0,True,0.9996404647827148,0.9996404647827148,0.0003595193848013878
689,1,1,True,0.9980134963989258,0.0019864814821630716,0.9980134963989258
690,0,0,True,0.9999936819076538,0.9999936819076538,6.355712230288191e-06
691,1,1,True,0.9975641369819641,0.0024358867667615414,0.9975641369819641
692,0,0,True,0.9999094009399414,0.9999094009399414,9.064891492016613e-05
693,1,1,True,0.9999486207962036,5.1401610107859597e-05,0.9999486207962036
694,1,1,True,0.8580401539802551,0.14195984601974487,0.8580401539802551
695,0,0,True,0.9999926090240479,0.9999926090240479,7.446917152265087e-06
696,0,0,True,0.9999946355819702,0.9999946355819702,5.391703325585695e-06
697,0,0,True,0.9999909400939941,0.9999909400939941,9.043926183949225e-06
698,1,1,True,0.9901111721992493,0.009888829663395882,0.9901111721992493
699,0,0,True,0.9999813437461853,0.9999813437461853,1.866117600002326e-05
700,0,0,True,0.9856958985328674,0.9856958985328674,0.01430404931306839
701,0,0,True,0.999997615814209,0.999997615814209,2.406449084446649e-06
702,0,0,True,0.9999688863754272,0.9999688863754272,3.116170773864724e-05
703,0,0,True,0.9997683167457581,0.9997683167457581,0.00023173060617409647
704,0,0,True,0.9999872446060181,0.9999872446060181,1.2747172149829566e-05
705,1,1,True,0.9998530745506287,0.00014692306285724044,0.9998530745506287
706,1,1,True,0.9889435768127441,0.011056424118578434,0.9889435768127441
707,0,0,True,0.9999969005584717,0.9999969005584717,3.15390434479923e-06
708,1,1,True,0.9911583065986633,0.008841725066304207,0.9911583065986633
709,0,0,True,0.9998288154602051,0.9998288154602051,0.00017116597155109048
710,1,1,True,0.9999874234199524,1.2598677130881697e-05,0.9999874234199524
711,1,1,True,0.9999876022338867,1.2407129361236002e-05,0.9999876022338867
712,1,1,True,0.9979063272476196,0.002093703718855977,0.9979063272476196
713,0,0,True,0.9999296069145203,0.9999296069145203,7.040712080197409e-05
714,1,1,True,0.9990341663360596,0.0009658557246439159,0.9990341663360596
715,1,1,True,0.9998511672019958,0.00014882032701279968,0.9998511672019958
716,0,0,True,0.9994121789932251,0.9994121789932251,0.0005877991789020598
717,0,1,False,0.7315446734428406,0.26845529675483704,0.7315446734428406
718,1,1,True,0.9877304434776306,0.012269535101950169,0.9877304434776306
719,1,1,True,0.999945342540741,5.466105722007342e-05,0.999945342540741
720,1,1,True,0.9318549036979675,0.06814511120319366,0.9318549036979675
721,0,0,True,0.9999971389770508,0.9999971389770508,2.9107966383890016e-06
722,1,1,True,0.9987664222717285,0.0012336040381342173,0.9987664222717285
723,0,0,True,0.9999973177909851,0.9999973177909851,2.683238108147634e-06
724,1,1,True,0.9998821020126343,0.00011793089652201161,0.9998821020126343
725,1,1,True,0.9999428987503052,5.707176751457155e-05,0.9999428987503052
726,1,1,True,0.9995163679122925,0.00048360766959376633,0.9995163679122925
727,0,0,True,0.9996968507766724,0.9996968507766724,0.000303169887047261
728,0,0,True,0.9997522234916687,0.9997522234916687,0.000247805641265586
729,1,1,True,0.999800980091095,0.0001990764430956915,0.999800980091095
730,0,0,True,0.9999880790710449,0.9999880790710449,1.190128932648804e-05
731,0,0,True,0.9632701873779297,0.9632701873779297,0.0367298349738121
732,0,0,True,0.9997171759605408,0.9997171759605408,0.000282824388705194
733,0,0,True,0.9612321257591248,0.9612321257591248,0.03876788541674614
734,0,0,True,0.6762853264808655,0.6762853264808655,0.3237147033214569
735,0,0,True,0.6776154637336731,0.6776154637336731,0.3223845064640045
736,0,0,True,0.9998387098312378,0.9998387098312378,0.00016127985145431012
737,0,0,True,0.9999677538871765,0.9999677538871765,3.2262778404401615e-05
738,1,0,False,0.6480906009674072,0.6480906009674072,0.3519093990325928
739,1,1,True,0.9990682005882263,0.000931855698581785,0.9990682005882263
740,1,1,True,0.6576406955718994,0.34235936403274536,0.6576406955718994
741,0,0,True,0.9997472167015076,0.9997472167015076,0.0002527753240428865
742,1,1,True,0.9997407793998718,0.0002592674863990396,0.9997407793998718
743,0,0,True,0.9999902844429016,0.9999902844429016,9.736460015119519e-06
744,0,0,True,0.9999348521232605,0.9999348521232605,6.515895802294835e-05
745,1,1,True,0.9999953508377075,4.647188234230271e-06,0.9999953508377075
746,1,1,True,0.9998341202735901,0.00016587611753493547,0.9998341202735901
747,0,1,False,0.7797253727912903,0.22027462720870972,0.7797253727912903
748,1,1,True,0.9994641542434692,0.0005358656635507941,0.9994641542434692
749,0,0,True,0.9999754428863525,0.9999754428863525,2.4565464627812617e-05
750,1,1,True,0.9996559619903564,0.0003440099535509944,0.9996559619903564
751,0,0,True,0.9999961853027344,0.9999961853027344,3.866508450300898e-06
752,0,0,True,0.9999797344207764,0.9999797344207764,2.0282443074393086e-05
753,1,1,True,0.9998512268066406,0.00014878882211633027,0.9998512268066406
754,1,1,True,0.9998990893363953,0.00010090597061207518,0.9998990893363953
755,0,0,True,0.9999788999557495,0.9999788999557495,2.1126459614606574e-05
756,0,0,True,0.999994695186615,0.999994695186615,5.306498678692151e-06
757,0,0,True,0.9641361236572266,0.9641361236572266,0.035863857716321945
758,0,0,True,0.9821856617927551,0.9821856617927551,0.017814364284276962
759,0,0,True,0.9871978163719177,0.9871978163719177,0.012802192941308022
760,0,0,True,0.9999761581420898,0.9999761581420898,2.3845926989451982e-05
761,1,1,True,0.994419515132904,0.005580473225563765,0.994419515132904
762,0,0,True,0.9999876618385315,0.9999876618385315,1.235446961800335e-05
763,1,1,True,0.9999344348907471,6.558867607964203e-05,0.9999344348907471
764,0,0,True,0.9999707937240601,0.9999707937240601,2.9219021598692052e-05
765,1,1,True,0.9971240162849426,0.0028759564738720655,0.9971240162849426
766,0,0,True,0.9999935626983643,0.9999935626983643,6.48930472380016e-06
767,0,0,True,0.9999935030937195,0.9999935030937195,6.503528766188538e-06
768,1,1,True,0.9975987672805786,0.002401249948889017,0.9975987672805786
769,1,1,True,0.9996201992034912,0.00037980705383233726,0.9996201992034912
770,0,0,True,0.9999961853027344,0.9999961853027344,3.822249709628522e-06
771,1,1,True,0.9999735355377197,2.650057285791263e-05,0.9999735355377197
772,1,1,True,0.9998353719711304,0.00016460634651593864,0.9998353719711304
773,1,1,True,0.999728262424469,0.00027175064315088093,0.999728262424469
774,1,1,True,0.9971500039100647,0.002849978394806385,0.9971500039100647
775,0,0,True,0.999991774559021,0.999991774559021,8.27516214485513e-06
776,1,1,True,0.9996659755706787,0.0003340310649946332,0.9996659755706787
777,1,1,True,0.998471736907959,0.0015282656531780958,0.998471736907959
778,0,0,True,0.9997478127479553,0.9997478127479553,0.00025221100077033043
779,1,1,True,0.972507894039154,0.027492113411426544,0.972507894039154
780,0,0,True,0.9999816417694092,0.9999816417694092,1.839723699958995e-05
781,0,0,True,0.9999971389770508,0.9999971389770508,2.873695848393254e-06
782,0,0,True,0.9999953508377075,0.9999953508377075,4.6270497477962635e-06
783,1,1,True,0.9999338388442993,6.616593600483611e-05,0.9999338388442993
784,0,0,True,0.608100950717926,0.608100950717926,0.3918990194797516
785,1,1,True,0.9986542463302612,0.001345725846476853,0.9986542463302612
786,0,0,True,0.9999948740005493,0.9999948740005493,5.148663149157073e-06
787,1,1,True,0.7997398376464844,0.20026013255119324,0.7997398376464844
788,0,0,True,0.9998860359191895,0.9998860359191895,0.00011397165508242324
789,0,0,True,0.9999947547912598,0.9999947547912598,5.278682237985777e-06
790,1,1,True,0.9998632669448853,0.00013671122724190354,0.9998632669448853
791,1,1,True,0.9999693632125854,3.061074676224962e-05,0.9999693632125854
792,0,0,True,0.9999803900718689,0.9999803900718689,1.9613227777881548e-05
793,0,0,True,0.9999775290489197,0.9999775290489197,2.2497246391139925e-05
794,1,1,True,0.9995108842849731,0.0004891528515145183,0.9995108842849731
795,1,1,True,0.8971396684646606,0.10286036133766174,0.8971396684646606
796,1,1,True,0.9993708729743958,0.0006291775498539209,0.9993708729743958
797,0,0,True,0.9999885559082031,0.9999885559082031,1.1417497262300458e-05
798,1,1,True,0.9900045394897461,0.009995472617447376,0.9900045394897461
799,1,1,True,0.9997678399085999,0.0002321591746294871,0.9997678399085999
800,1,1,True,0.9984143376350403,0.0015856875106692314,0.9984143376350403
801,0,0,True,0.5619840025901794,0.5619840025901794,0.43801596760749817
802,0,0,True,0.9999914169311523,0.9999914169311523,8.566713404434267e-06
803,1,1,True,0.9501678347587585,0.04983215779066086,0.9501678347587585
804,1,1,True,0.9983580708503723,0.0016419619787484407,0.9983580708503723
805,1,1,True,0.9999663829803467,3.362012284924276e-05,0.9999663829803467
806,0,0,True,0.999996542930603,0.999996542930603,3.4807733300112886e-06
807,1,1,True,0.9999566078186035,4.339995575719513e-05,0.9999566078186035
808,0,0,True,0.9998348951339722,0.9998348951339722,0.00016512714501004666
809,1,1,True,0.9999916553497314,8.321441782754846e-06,0.9999916553497314
810,1,1,True,0.9823317527770996,0.01766829937696457,0.9823317527770996
811,0,0,True,0.9966078996658325,0.9966078996658325,0.0033920519053936005
812,1,1,True,0.9992864727973938,0.0007135129999369383,0.9992864727973938
813,1,1,True,0.9966097474098206,0.0033902504947036505,0.9966097474098206
814,1,1,True,0.9851694107055664,0.014830567874014378,0.9851694107055664
815,0,0,True,0.9999961853027344,0.9999961853027344,3.836953510472085e-06
816,1,1,True,0.9887669682502747,0.011233082972466946,0.9887669682502747
817,1,1,True,0.9999798536300659,2.019801650021691e-05,0.9999798536300659
818,1,1,True,0.9997437000274658,0.0002563017187640071,0.9997437000274658
819,1,1,True,0.9997733235359192,0.00022666483710054308,0.9997733235359192
820,1,1,True,0.9885411858558655,0.011458811350166798,0.9885411858558655
821,1,1,True,0.6604673862457275,0.33953261375427246,0.6604673862457275
822,0,0,True,0.9997183084487915,0.9997183084487915,0.000281708111288026
823,0,0,True,0.999943733215332,0.999943733215332,5.629716906696558e-05
824,0,0,True,0.9999958872795105,0.9999958872795105,4.117949174542446e-06
825,1,1,True,0.9871008992195129,0.012899115681648254,0.9871008992195129
826,1,1,True,0.9751509428024292,0.02484910935163498,0.9751509428024292
827,0,0,True,0.7376232147216797,0.7376232147216797,0.2623768150806427
828,1,1,True,0.9485478401184082,0.0514521487057209,0.9485478401184082
829,1,1,True,0.9997323155403137,0.0002676672884263098,0.9997323155403137
830,0,0,True,0.9999901056289673,0.9999901056289673,9.933673936757259e-06
831,1,1,True,0.9999669790267944,3.3040600101230666e-05,0.9999669790267944
832,1,1,True,0.9503243565559387,0.04967561364173889,0.9503243565559387
833,0,0,True,0.9999926090240479,0.9999926090240479,7.401335096801631e-06
834,1,1,True,0.9998936653137207,0.00010631637996993959,0.9998936653137207
835,1,1,True,0.9958173036575317,0.004182716365903616,0.9958173036575317
836,0,0,True,0.999988317489624,0.999988317489624,1.1688375707308296e-05
837,1,1,True,0.9967594742774963,0.0032405126839876175,0.9967594742774963
838,0,0,True,0.9997915625572205,0.9997915625572205,0.00020849090651609004
839,0,0,True,0.9869640469551086,0.9869640469551086,0.013035934418439865
840,1,1,True,0.9939572811126709,0.006042731925845146,0.9939572811126709
841,0,0,True,0.9997783303260803,0.9997783303260803,0.0002216907887486741
842,0,0,True,0.9999905228614807,0.9999905228614807,9.481322194915265e-06
843,1,1,True,0.9999771118164062,2.291382224939298e-05,0.9999771118164062
844,1,1,True,0.9997655749320984,0.0002344485546927899,0.9997655749320984
845,1,1,True,0.9944549202919006,0.0055450741201639175,0.9944549202919006
846,1,1,True,0.999403178691864,0.0005968254990875721,0.999403178691864
847,1,1,True,0.9997753500938416,0.00022462142806034535,0.9997753500938416
848,1,1,True,0.9703692197799683,0.029630720615386963,0.9703692197799683
849,1,1,True,0.999927282333374,7.271899085026234e-05,0.999927282333374
850,0,0,True,0.9999285340309143,0.9999285340309143,7.149329030653462e-05
851,1,1,True,0.9998601078987122,0.00013991224113851786,0.9998601078987122
852,1,1,True,0.9957275390625,0.004272423218935728,0.9957275390625
853,0,0,True,0.9999978542327881,0.9999978542327881,2.130246457454632e-06
854,1,1,True,0.9998267292976379,0.00017326485249213874,0.9998267292976379
855,1,1,True,0.9997689127922058,0.0002311264688614756,0.9997689127922058
856,0,0,True,0.9996034502983093,0.9996034502983093,0.0003965587238781154
857,0,0,True,0.9996808767318726,0.9996808767318726,0.0003191472787875682
858,0,0,True,0.9999806880950928,0.9999806880950928,1.9284791051177308e-05
859,1,1,True,0.9899551868438721,0.010044807568192482,0.9899551868438721
860,0,0,True,0.9589592218399048,0.9589592218399048,0.0410408191382885
861,1,1,True,0.9999720454216003,2.7975760531262495e-05,0.9999720454216003
862,1,1,True,0.9918749928474426,0.008125027641654015,0.9918749928474426
863,1,1,True,0.9942886829376221,0.00571129797026515,0.9942886829376221
864,1,1,True,0.9996974468231201,0.0003026099584531039,0.9996974468231201
865,1,1,True,0.9999411106109619,5.888870873604901e-05,0.9999411106109619
866,1,1,True,0.9990204572677612,0.0009795718360692263,0.9990204572677612
867,1,1,True,0.9998857975006104,0.00011419008660595864,0.9998857975006104
868,0,0,True,0.9997202754020691,0.9997202754020691,0.0002797577471937984
869,0,0,True,0.9991578459739685,0.9991578459739685,0.0008421607199124992
870,0,0,True,0.9999911785125732,0.9999911785125732,8.868876648193691e-06
871,0,0,True,0.9999797344207764,0.9999797344207764,2.024703826464247e-05
872,0,0,True,0.9422370195388794,0.9422370195388794,0.057762958109378815
873,0,0,True,0.9999791383743286,0.9999791383743286,2.0835757823078893e-05
874,0,0,True,0.9999641180038452,0.9999641180038452,3.594001100282185e-05
875,0,0,True,0.9999939203262329,0.9999939203262329,6.063403361622477e-06
876,1,1,True,0.9996535181999207,0.0003464974579401314,0.9996535181999207
877,1,1,True,0.9986202716827393,0.0013797790743410587,0.9986202716827393
878,1,1,True,0.9996947050094604,0.00030535212135873735,0.9996947050094604
879,1,1,True,0.8077941536903381,0.19220581650733948,0.8077941536903381
880,0,0,True,0.999991774559021,0.999991774559021,8.273173989437055e-06
881,1,1,True,0.9995785355567932,0.0004215069639030844,0.9995785355567932
882,0,0,True,0.9999284148216248,0.9999284148216248,7.159344386309385e-05
883,0,0,True,0.9999717473983765,0.9999717473983765,2.8257993108127266e-05
884,0,0,True,0.9915164709091187,0.9915164709091187,0.008483522571623325
885,0,0,True,0.999994158744812,0.999994158744812,5.831908765685512e-06
886,1,1,True,0.5058786869049072,0.49412134289741516,0.5058786869049072
887,0,0,True,0.9999929666519165,0.9999929666519165,7.0362611950258724e-06
888,0,0,True,0.9999846816062927,0.9999846816062927,1.5331224858528003e-05
889,1,1,True,0.716212809085846,0.28378719091415405,0.716212809085846
890,0,0,True,0.9998133778572083,0.9998133778572083,0.00018657783220987767
891,0,0,True,0.9999804496765137,0.9999804496765137,1.952970342244953e-05
892,1,1,True,0.9965155720710754,0.003484437707811594,0.9965155720710754
893,0,0,True,0.9999616742134094,0.9999616742134094,3.835366806015372e-05
894,0,0,True,0.9984126091003418,0.9984126091003418,0.0015873664524406195
895,1,1,True,0.9999828338623047,1.718257408356294e-05,0.9999828338623047
896,1,1,True,0.9681812524795532,0.031818754971027374,0.9681812524795532
897,0,0,True,0.9999961853027344,0.9999961853027344,3.814598812823533e-06
898,1,1,True,0.9999062418937683,9.375045920023695e-05,0.9999062418937683
899,1,1,True,0.9984959363937378,0.0015040597645565867,0.9984959363937378
900,1,1,True,0.9989946484565735,0.001005395781248808,0.9989946484565735
901,1,1,True,0.9976781010627747,0.0023219515569508076,0.9976781010627747
902,1,1,True,0.9943907260894775,0.005609289277344942,0.9943907260894775
903,1,1,True,0.9992145299911499,0.0007854956784285605,0.9992145299911499
904,1,1,True,0.9992752075195312,0.0007248088368214667,0.9992752075195312
905,0,0,True,0.9999643564224243,0.9999643564224243,3.563004429452121e-05
906,1,1,True,0.9967426657676697,0.0032573568169027567,0.9967426657676697
907,1,1,True,0.9976726174354553,0.002327387221157551,0.9976726174354553
908,1,0,False,0.7525100708007812,0.7525100708007812,0.24748997390270233
909,0,0,True,0.9999967813491821,0.9999967813491821,3.2145082968781935e-06
910,0,1,False,0.7557579278945923,0.24424204230308533,0.7557579278945923
911,1,1,True,0.999119222164154,0.0008808324346318841,0.999119222164154
912,1,1,True,0.9285680055618286,0.07143200188875198,0.9285680055618286
913,0,0,True,0.9999597668647766,0.9999597668647766,4.0232382161775604e-05
914,1,1,True,0.9907160997390747,0.009283929131925106,0.9907160997390747
915,1,1,True,0.9996707439422607,0.0003292870242148638,0.9996707439422607
916,1,1,True,0.9998713731765747,0.00012862081348430365,0.9998713731765747
917,0,1,False,0.7609266042709351,0.23907339572906494,0.7609266042709351
918,1,1,True,0.8199262619018555,0.18007370829582214,0.8199262619018555
919,1,1,True,0.9997385144233704,0.0002615362172946334,0.9997385144233704
920,1,1,True,0.9972509145736694,0.0027490819338709116,0.9972509145736694
921,0,0,True,0.9999954700469971,0.9999954700469971,4.54698556495714e-06
922,1,1,True,0.973375678062439,0.02662438154220581,0.973375678062439
923,0,0,True,0.9999936819076538,0.9999936819076538,6.293652404565364e-06
924,1,1,True,0.9856622815132141,0.014337751083076,0.9856622815132141
925,0,0,True,0.9997042417526245,0.9997042417526245,0.00029578563407994807
926,0,0,True,0.9999938011169434,0.9999938011169434,6.1711284615739714e-06
927,0,0,True,0.9998201727867126,0.9998201727867126,0.0001798682496882975
928,0,0,True,0.9999948740005493,0.9999948740005493,5.1185984375479165e-06
929,1,1,True,0.9704853296279907,0.029514679685235023,0.9704853296279907
930,1,1,True,0.9140201210975647,0.08597990870475769,0.9140201210975647
931,1,1,True,0.9999944567680359,5.544496616494143e-06,0.9999944567680359
932,1,1,True,0.9924393892288208,0.0075606293976306915,0.9924393892288208
933,1,1,True,0.9976385831832886,0.0023614326491951942,0.9976385831832886
934,1,1,True,0.994270920753479,0.00572906993329525,0.994270920753479
935,0,0,True,0.999994158744812,0.999994158744812,5.851887635799358e-06
936,0,0,True,0.999734103679657,0.999734103679657,0.0002659238234627992
937,1,1,True,0.999956488609314,4.3560590711422265e-05,0.999956488609314
938,0,0,True,0.999898374080658,0.999898374080658,0.00010164262494072318
939,1,1,True,0.9999114274978638,8.859685476636514e-05,0.9999114274978638
940,0,0,True,0.999975323677063,0.999975323677063,2.4725146431592293e-05
941,0,0,True,0.9999915957450867,0.9999915957450867,8.420335689152125e-06
942,0,0,True,0.9999938011169434,0.9999938011169434,6.177988780109445e-06
943,1,1,True,0.9872926473617554,0.012707347981631756,0.9872926473617554
944,0,0,True,0.9999924898147583,0.9999924898147583,7.528119567723479e-06
945,0,0,True,0.9999943971633911,0.9999943971633911,5.651473202306079e-06
946,1,1,True,0.999144434928894,0.0008555997046642005,0.999144434928894
947,1,1,True,0.8482843041419983,0.15171568095684052,0.8482843041419983
948,1,1,True,0.9999513626098633,4.8649868404027075e-05,0.9999513626098633
949,1,1,True,0.9999167323112488,8.329222328029573e-05,0.9999167323112488
950,0,0,True,0.9999527335166931,0.9999527335166931,4.726920815301128e-05
951,0,0,True,0.9999823570251465,0.9999823570251465,1.761728708515875e-05
952,0,0,True,0.9999869465827942,0.9999869465827942,1.3065310668025631e-05
953,0,0,True,0.9999973773956299,0.9999973773956299,2.6286761567462236e-06
954,1,1,True,0.999539852142334,0.0004601810942403972,0.999539852142334
955,0,0,True,0.9326138496398926,0.9326138496398926,0.06738613545894623
956,1,1,True,0.9983835220336914,0.00161651149392128,0.9983835220336914
957,1,1,True,0.9998680353164673,0.00013198232045397162,0.9998680353164673
958,1,1,True,0.999883770942688,0.00011622616148088127,0.999883770942688
959,0,0,True,0.9999963045120239,0.9999963045120239,3.689666755235521e-06
960,0,0,True,0.8685087561607361,0.8685087561607361,0.13149124383926392
961,1,1,True,0.9953569173812866,0.004643096122890711,0.9953569173812866
962,1,1,True,0.9997671246528625,0.00023286680516321212,0.9997671246528625
963,0,0,True,0.9999302625656128,0.9999302625656128,6.976790609769523e-05
964,0,0,True,0.9999920725822449,0.9999920725822449,7.949622158776037e-06
965,0,0,True,0.9999951124191284,0.9999951124191284,4.930063369101845e-06
966,1,1,True,0.999967098236084,3.2898296922212467e-05,0.999967098236084
967,0,0,True,0.9999954700469971,0.9999954700469971,4.50150901087909e-06
968,1,1,True,0.9999683499336243,3.165718953823671e-05,0.9999683499336243
969,0,0,True,0.9999911189079285,0.9999911189079285,8.90266164788045e-06
970,1,1,True,0.9983698725700378,0.0016300721326842904,0.9983698725700378
971,0,0,True,0.9999948143959045,0.9999948143959045,5.1935103329014964e-06
972,1,1,True,0.6212065815925598,0.3787934184074402,0.6212065815925598
973,0,0,True,0.999994158744812,0.999994158744812,5.82329494136502e-06
974,1,1,True,0.9998618364334106,0.00013816129649057984,0.9998618364334106
975,1,1,True,0.9999426603317261,5.7366258261026815e-05,0.9999426603317261
976,1,1,True,0.9993539452552795,0.0006460699951276183,0.9993539452552795
977,0,0,True,0.9998487234115601,0.9998487234115601,0.00015126419020816684
978,1,1,True,0.9929401874542236,0.007059833500534296,0.9929401874542236
979,1,1,True,0.9997556805610657,0.00024435509112663567,0.9997556805610657
980,0,0,True,0.9999120235443115,0.9999120235443115,8.796530892141163e-05
981,0,0,True,0.9999690055847168,0.9999690055847168,3.103265044046566e-05
982,0,0,True,0.9999687671661377,0.9999687671661377,3.1239604140864685e-05
983,1,1,True,0.9993215799331665,0.0006784749566577375,0.9993215799331665
984,1,1,True,0.9999182224273682,8.181432349374518e-05,0.9999182224273682
985,0,0,True,0.9990813136100769,0.9990813136100769,0.0009186906390823424
986,1,1,True,0.9986598491668701,0.0013401377946138382,0.9986598491668701
987,1,1,True,0.9360479712486267,0.06395208090543747,0.9360479712486267
988,0,0,True,0.9999853372573853,0.9999853372573853,1.4703688066219911e-05
989,0,0,True,0.9999505281448364,0.9999505281448364,4.948258720105514e-05
990,1,1,True,0.999965250492096,3.476456549833529e-05,0.999965250492096
991,0,0,True,0.9999186396598816,0.9999186396598816,8.136237011058256e-05
992,0,0,True,0.9999639987945557,0.9999639987945557,3.5989636671729386e-05
993,0,0,True,0.9992676377296448,0.9992676377296448,0.0007323927129618824
994,0,0,True,0.9979881048202515,0.9979881048202515,0.0020118963439017534
995,0,0,True,0.9999952912330627,0.9999952912330627,4.715534487331752e-06
996,1,1,True,0.9976361989974976,0.002363773761317134,0.9976361989974976
997,0,0,True,0.9993176460266113,0.9993176460266113,0.0006823409348726273
998,1,1,True,0.963125467300415,0.036874521523714066,0.963125467300415
999,0,0,True,0.9999963045120239,0.9999963045120239,3.7207905734248925e-06
1000,1,1,True,0.9309813380241394,0.06901868432760239,0.9309813380241394
1001,1,1,True,0.9998303055763245,0.00016970840806607157,0.9998303055763245
1002,0,0,True,0.9999942183494568,0.9999942183494568,5.800503458885942e-06
1003,1,1,True,0.9999858736991882,1.4135066521703266e-05,0.9999858736991882
1004,1,1,True,0.9999409914016724,5.9059675550088286e-05,0.9999409914016724
1005,1,1,True,0.999658465385437,0.0003415813553147018,0.999658465385437
1006,0,0,True,0.9998015761375427,0.9998015761375427,0.0001984141272259876
1007,0,0,True,0.9999982118606567,0.9999982118606567,1.8151487211071071e-06
1008,0,0,True,0.9999808073043823,0.9999808073043823,1.9188097212463617e-05
1009,1,1,True,0.9993394017219543,0.000660574296489358,0.9993394017219543
1010,0,0,True,0.9999773502349854,0.9999773502349854,2.263195528939832e-05
1011,1,1,True,0.9997689127922058,0.0002311264688614756,0.9997689127922058
1012,0,0,True,0.9999955296516418,0.9999955296516418,4.471286047191825e-06
1013,0,0,True,0.9999879598617554,0.9999879598617554,1.2098624210921116e-05
1014,1,1,True,0.9998263716697693,0.0001736445992719382,0.9998263716697693
1015,1,1,True,0.9999940395355225,5.9981666709063575e-06,0.9999940395355225
1016,1,1,True,0.9778546690940857,0.022145358845591545,0.9778546690940857
1017,0,0,True,0.9999927282333374,0.9999927282333374,7.260375696205301e-06
1018,1,1,True,0.9998308420181274,0.00016913427680265158,0.9998308420181274
1019,1,1,True,0.9999353885650635,6.460268195951357e-05,0.9999353885650635
1020,0,0,True,0.9999983310699463,0.9999983310699463,1.6490248526679352e-06
1021,1,1,True,0.9999258518218994,7.419670873787254e-05,0.9999258518218994
1022,1,1,True,0.9994380474090576,0.0005619646399281919,0.9994380474090576
1023,0,0,True,0.9485835433006287,0.9485835433006287,0.05141646787524223
1024,0,0,True,0.9999338388442993,0.9999338388442993,6.615829624934122e-05
